size,branches,callers,mode,compile_ms,start_ms,run_ms,rows_per_second,allocated_bytes_per_input,started_heap_bytes,retained_growth_bytes,prepared,blocked,recovered
100000,1,1,SUCCESS,66.176273,255.719999,408.493513,244801.9290822863,4304.68648,2911168,126088,100000,0,0
100000,1,1,FAILURE,85.509134,283.690486,411.915946,242767.97480425777,3921.12432,2911168,190552,75000,25000,0
100000,1,1,RECOVERY,69.92761,279.57937,437.616583,228510.53612838069,4983.54584,2917416,195144,100000,0,25000
100000,1,4,SUCCESS,66.080147,234.185445,304.884235,327993.3447526403,4301.27664,2911168,138728,100000,0,0
100000,1,4,FAILURE,63.941153,238.705333,323.94136,308697.8458076486,4001.55872,2911168,206528,75000,25000,0
100000,1,4,RECOVERY,62.609329,243.788883,395.504153,252841.8456329079,5059.43936,2917416,206920,100000,0,25000
100000,4,1,SUCCESS,68.187529,237.945173,956.668988,104529.36308624233,13570.7512,2932176,158320,400000,0,0
100000,4,1,FAILURE,68.366854,233.70471,835.741424,119654.23410674448,11075.61336,2932176,221184,300000,25000,0
100000,4,1,RECOVERY,73.227336,249.850716,1007.302885,99275.00604746108,14455.55856,2938440,226240,400000,0,25000
100000,4,4,SUCCESS,67.758627,243.138476,642.43288,155658.28448880138,13694.68152,2932176,175648,400000,0,0
100000,4,4,FAILURE,69.058135,241.145951,603.350859,165741.0418968178,11134.37424,2932176,237656,300000,25000,0
100000,4,4,RECOVERY,66.38708,229.363763,723.855895,138149.04415470705,14547.9464,2938440,242728,400000,0,25000
100000,16,1,SUCCESS,66.238057,249.470816,2212.851461,45190.56148251787,39040.12312,3016504,167416,1600000,0,0
100000,16,1,FAILURE,63.847678,264.552651,1806.573473,55353.40881206441,30919.58424,3016504,233328,1200000,25000,0
100000,16,1,RECOVERY,64.956134,254.780204,2241.348368,44616.00054133128,40494.57744,3022776,233712,1600000,0,25000
100000,16,4,SUCCESS,66.00018,246.063137,1123.770119,88986.17102311473,39314.47536,3016504,189168,1600000,0,0
100000,16,4,FAILURE,69.793297,254.628757,974.243716,102643.72082436916,31015.47376,3016504,244376,1200000,25000,0
100000,16,4,RECOVERY,69.138849,276.668255,1197.172798,83530.13045991378,40737.5288,3022776,255776,1600000,0,25000
100000,64,1,SUCCESS,69.679375,313.581529,7338.274254,13627.182160095921,141474.5312,3376128,209856,6400000,0,0
100000,64,1,FAILURE,72.224715,301.619735,5704.077661,17531.318110151515,110856.99352,3349288,275576,4800000,25000,0
100000,64,1,RECOVERY,69.51206,310.659825,7577.540735,13196.893754474815,145155.39616,3422704,275840,6400000,0,25000
100000,64,4,SUCCESS,67.841333,309.414939,2933.611354,34087.678268510004,142028.66872,3343432,263624,6400000,0,0
100000,64,4,FAILURE,76.102368,343.383516,2776.869056,36011.780888237896,111127.18416,3355280,326912,4800000,25000,0
100000,64,4,RECOVERY,65.892446,318.36405,3257.456539,30698.797912649603,145770.88528,3372912,326856,6400000,0,25000
